标准名,原文中的各种叫法,出场总次数,分布（回(次数)）
贾宝玉,贾宝玉、宝玉、宝二爷、怡红公子、绛洞花王、无事忙、二爷,4498,001(1) 002(2) 003(32) 005(62) 006(15) 007(29) 008(84) 009(35) 010(5) 011(10) 012(1) 013(11) 014(20) 015(57) 016(33) 017(60) 018(28) 019(122) 020(56) 021(49) 022(43) 023(54) 024(56) 025(51) 026(75) 027(32) 028(102) 029(45) 030(74) 031(65) 032(33) 033(37) 034(59) 035(74) 036(52) 037(46) 038(19) 039(26) 040(12) 041(23) 042(12) 043(52) 044(19) 045(21) 046(19) 047(13) 048(20) 049(36) 050(28) 051(43) 052(80) 053(10) 054(35) 055(5) 056(43) 057(60) 058(43) 059(9) 060(25) 061(15) 062(74) 063(60) 064(43) 065(7) 066(16) 067(49) 068(13) 069(5) 070(49) 071(9) 072(6) 073(18) 074(28) 075(13) 076(3) 077(81) 078(71) 079(26) 080(23) 081(72) 082(73) 083(11) 084(54) 085(83) 086(28) 087(44) 088(18) 089(82) 090(22) 091(38) 092(28) 093(20) 094(41) 095(50) 096(53) 097(51) 098(67) 099(14) 100(18) 101(26) 102(9) 103(8) 104(29) 105(6) 106(11) 107(6) 108(58) 109(88) 110(16) 111(8) 112(9) 113(38) 114(36) 115(104) 116(79) 117(50) 118(85) 119(52) 120(41)
贾母,贾母、老太太、史太君、老祖宗、太君,2752,002(1) 003(41) 004(3) 005(7) 006(4) 007(7) 008(22) 009(9) 010(1) 011(23) 012(6) 013(4) 014(2) 015(4) 016(12) 017(11) 018(23) 019(11) 020(8) 021(4) 022(47) 023(11) 024(11) 025(28) 026(3) 028(15) 029(70) 030(8) 031(11) 032(1) 033(17) 034(8) 035(34) 036(13) 037(14) 038(32) 039(52) 040(87) 041(32) 042(28) 043(60) 044(40) 045(22) 046(60) 047(42) 048(4) 049(28) 050(51) 051(4) 052(32) 053(48) 054(85) 055(10) 056(37) 057(64) 058(14) 059(5) 060(1) 061(3) 062(4) 063(7) 064(26) 065(7) 066(2) 067(6) 068(12) 069(31) 070(13) 071(53) 072(17) 073(25) 074(19) 075(61) 076(42) 077(11) 078(13) 079(6) 080(4) 081(32) 082(27) 083(30) 084(80) 085(34) 086(8) 087(3) 088(41) 089(4) 090(19) 091(11) 092(34) 093(1) 094(43) 095(47) 096(46) 097(62) 098(65) 099(14) 100(16) 101(19) 102(2) 103(1) 104(7) 105(22) 106(35) 107(69) 108(91) 109(74) 110(52) 111(21) 112(15) 113(7) 114(6) 115(2) 116(4) 117(3) 118(5) 119(2) 120(4)
王熙凤,王熙凤、凤姐、凤姐儿、凤丫头、琏二奶奶、二奶奶、凤辣子,2051,003(3) 006(38) 007(37) 008(4) 009(1) 010(3) 011(64) 012(36) 013(27) 014(53) 015(40) 016(35) 018(8) 019(1) 020(8) 021(23) 022(15) 023(9) 024(16) 025(21) 027(21) 028(13) 029(19) 030(7) 031(3) 032(1) 033(3) 034(3) 035(22) 036(21) 037(2) 038(28) 039(16) 040(43) 041(15) 042(16) 043(33) 044(67) 045(25) 046(29) 047(21) 049(18) 050(16) 051(18) 052(11) 053(12) 054(35) 055(33) 056(2) 057(7) 058(1) 059(1) 060(1) 061(11) 062(11) 063(1) 064(13) 065(4) 066(2) 067(65) 068(52) 069(52) 070(7) 071(46) 072(37) 073(10) 074(66) 075(3) 076(2) 077(4) 078(8) 079(2) 081(9) 082(4) 083(14) 084(37) 085(13) 086(1) 088(42) 089(3) 090(34) 091(1) 092(11) 093(8) 094(13) 095(15) 096(20) 097(42) 098(16) 099(8) 100(3) 101(86) 102(2) 103(1) 104(9) 105(8) 106(16) 107(9) 108(16) 109(13) 110(80) 111(14) 112(19) 113(43) 114(19) 115(2) 116(9) 117(3) 118(3) 120(4)
林黛玉,林黛玉、黛玉、林姑娘、林妹妹、颦儿、潇湘妃子、颦颦,1632,002(1) 003(84) 004(3) 005(9) 007(9) 008(26) 009(5) 012(3) 013(2) 014(2) 016(8) 017(10) 018(7) 019(33) 020(24) 021(14) 022(36) 023(18) 024(6) 025(31) 026(22) 027(21) 028(58) 029(36) 030(31) 031(19) 032(26) 034(18) 035(17) 036(16) 037(17) 038(17) 039(1) 040(13) 041(9) 042(30) 043(2) 044(2) 045(27) 046(4) 048(31) 049(29) 050(26) 051(2) 052(15) 053(1) 054(4) 055(2) 057(45) 058(12) 059(9) 060(2) 062(22) 063(20) 064(24) 065(1) 066(2) 067(26) 070(23) 071(3) 073(5) 074(3) 075(1) 076(41) 078(5) 079(12) 081(9) 082(77) 083(35) 084(1) 085(22) 086(17) 087(39) 089(44) 090(26) 091(18) 092(4) 094(15) 095(8) 096(49) 097(71) 098(44) 099(5) 100(10) 102(2) 104(9) 106(1) 108(7) 109(10) 110(1) 111(1) 113(4) 114(1) 115(2) 116(12) 117(1) 118(3) 120(1)
薛宝钗,薛宝钗、宝钗、宝姐姐、宝姑娘、蘅芜君,1227,004(2) 005(5) 007(9) 008(20) 009(1) 016(1) 017(1) 018(9) 019(2) 020(21) 021(8) 022(25) 023(2) 024(1) 025(12) 026(7) 027(22) 028(35) 029(11) 030(19) 031(10) 032(34) 033(2) 034(32) 035(37) 036(24) 037(33) 038(15) 039(3) 040(8) 041(7) 042(31) 043(2) 044(4) 045(15) 046(2) 047(3) 048(32) 049(35) 050(18) 051(3) 052(8) 053(1) 054(2) 055(11) 056(18) 057(39) 058(5) 059(3) 060(3) 061(1) 062(29) 063(11) 064(6) 065(1) 067(31) 070(16) 071(3) 073(6) 074(1) 075(8) 076(5) 077(4) 078(6) 079(4) 080(5) 081(1) 082(4) 083(12) 084(9) 085(16) 086(9) 087(8) 089(1) 090(2) 091(18) 092(6) 095(4) 096(9) 097(24) 098(34) 099(6) 100(14) 101(21) 102(6) 103(13) 104(5) 105(1) 106(6) 107(1) 108(19) 109(48) 110(4) 111(5) 112(3) 113(6) 114(10) 115(16) 116(7) 117(18) 118(29) 119(20) 120(22)
袭人,袭人、花袭人、蕊珠,1148,003(9) 005(3) 006(11) 008(5) 009(5) 013(2) 017(1) 019(55) 020(14) 021(24) 022(9) 023(7) 024(7) 025(6) 026(10) 027(3) 028(13) 029(13) 030(15) 031(37) 032(35) 033(5) 034(51) 035(18) 036(42) 037(19) 038(4) 039(9) 040(1) 041(8) 043(7) 044(4) 046(18) 049(5) 050(2) 051(21) 052(5) 053(3) 054(5) 055(6) 056(3) 057(14) 058(15) 059(12) 060(9) 061(8) 062(36) 063(38) 064(7) 067(22) 070(6) 071(5) 073(3) 074(6) 077(29) 078(5) 079(1) 081(12) 082(27) 083(16) 085(33) 086(6) 087(3) 089(26) 091(1) 092(13) 094(25) 095(25) 096(22) 097(14) 098(9) 099(2) 100(11) 101(4) 102(1) 104(17) 106(1) 108(25) 109(31) 111(3) 113(3) 114(2) 115(5) 116(4) 117(20) 118(13) 119(8) 120(30)
王夫人,王夫人,1071,003(20) 004(11) 005(1) 006(3) 007(14) 008(3) 009(3) 011(20) 012(3) 013(14) 014(1) 015(4) 016(4) 017(4) 018(10) 020(1) 021(4) 022(3) 023(15) 024(2) 025(29) 027(1) 028(16) 029(6) 030(9) 031(9) 032(14) 033(14) 034(17) 035(14) 036(19) 037(2) 038(7) 039(4) 040(17) 041(8) 042(3) 043(15) 044(4) 045(1) 046(9) 047(6) 048(1) 049(4) 051(6) 052(5) 053(8) 054(7) 055(8) 056(5) 057(10) 058(6) 059(4) 060(1) 062(5) 064(5) 067(5) 068(1) 069(5) 070(5) 071(6) 072(1) 073(2) 074(24) 075(9) 076(7) 077(46) 078(17) 079(3) 080(9) 081(20) 082(4) 083(4) 084(19) 085(4) 086(3) 088(2) 089(3) 090(3) 091(8) 092(2) 094(22) 095(30) 096(32) 097(19) 098(23) 100(9) 101(5) 102(5) 103(12) 104(11) 105(3) 106(4) 107(7) 108(5) 109(14) 110(8) 111(2) 112(6) 113(2) 114(2) 115(26) 116(13) 117(35) 118(38) 119(71) 120(16)
贾政,贾政、政、政老爷、二老爷,999,001(1) 002(16) 003(7) 004(5) 006(1) 009(8) 011(2) 012(1) 013(3) 014(3) 015(8) 016(6) 017(82) 018(18) 019(1) 022(27) 023(19) 025(12) 026(2) 029(1) 033(37) 035(2) 036(2) 037(4) 043(1) 053(1) 057(1) 060(1) 062(1) 068(1) 070(3) 071(4) 072(3) 073(5) 075(28) 076(2) 077(3) 078(30) 079(2) 081(18) 082(3) 083(15) 084(48) 085(18) 086(4) 087(1) 088(1) 089(4) 091(5) 092(32) 093(41) 094(9) 095(15) 096(21) 097(13) 098(2) 099(38) 100(7) 104(36) 105(46) 106(37) 107(46) 108(4) 109(13) 110(10) 111(9) 112(35) 113(2) 114(21) 115(32) 116(14) 117(3) 118(4) 120(38)
贾琏,贾琏、琏、琏二爷,890,002(3) 003(2) 004(1) 006(4) 007(3) 009(1) 010(3) 011(2) 012(3) 013(1) 014(2) 015(1) 016(31) 017(4) 018(1) 019(1) 021(32) 022(5) 023(14) 024(12) 025(3) 033(1) 038(1) 042(2) 044(38) 046(10) 047(13) 053(5) 054(6) 058(1) 059(1) 060(1) 061(1) 062(1) 063(2) 064(64) 065(46) 066(35) 067(8) 068(6) 069(44) 070(3) 071(5) 072(43) 073(2) 074(6) 075(3) 077(1) 079(1) 081(1) 082(1) 083(20) 084(2) 085(4) 086(1) 088(8) 092(6) 093(32) 094(8) 095(18) 096(18) 097(8) 099(2) 101(27) 102(4) 103(22) 104(3) 105(12) 106(16) 107(15) 108(1) 109(15) 110(12) 111(8) 112(39) 113(15) 114(27) 115(13) 116(10) 117(14) 118(6) 119(19) 120(4)
平儿,平儿、平姑娘,717,006(13) 007(5) 011(5) 012(1) 013(3) 014(2) 016(9) 021(28) 024(1) 025(3) 027(1) 029(1) 031(1) 035(1) 036(2) 038(7) 039(36) 042(9) 043(7) 044(60) 045(13) 046(28) 047(6) 048(11) 049(6) 050(1) 051(4) 052(8) 053(1) 055(39) 056(16) 057(1) 059(10) 060(6) 061(27) 062(26) 063(8) 064(1) 065(7) 067(20) 068(3) 069(17) 071(5) 072(20) 073(10) 074(20) 083(1) 084(8) 088(9) 090(9) 092(1) 093(6) 094(13) 097(15) 101(22) 102(1) 105(4) 106(6) 107(6) 108(1) 109(2) 110(2) 111(6) 112(2) 113(32) 114(9) 117(5) 118(11) 119(36) 120(1)
薛姨妈,薛姨妈、薛家姨母、姨太太、薛姨娘,573,003(1) 004(7) 007(10) 008(23) 016(2) 017(1) 018(2) 020(1) 022(2) 025(4) 028(1) 029(3) 033(1) 034(8) 035(21) 036(6) 038(5) 040(23) 041(10) 043(5) 044(1) 046(5) 047(23) 048(12) 049(2) 050(11) 052(2) 053(6) 054(10) 057(34) 058(4) 059(3) 060(1) 062(9) 063(1) 065(1) 066(2) 067(11) 071(1) 076(2) 077(1) 079(3) 080(11) 082(1) 083(14) 084(30) 085(25) 086(24) 088(3) 089(1) 090(3) 091(26) 092(6) 095(5) 096(7) 097(25) 098(15) 099(8) 100(5) 101(2) 103(36) 106(1) 108(17) 109(4) 110(1) 117(1) 119(2) 120(19)
贾珍,贾珍、珍、珍大爷,535,002(6) 003(1) 004(3) 005(1) 007(5) 008(2) 009(3) 010(17) 011(9) 012(3) 013(42) 014(9) 015(8) 016(8) 017(18) 018(2) 019(5) 021(1) 023(4) 025(4) 028(5) 029(31) 033(1) 034(1) 037(1) 038(1) 039(2) 041(2) 042(7) 043(2) 045(3) 047(9) 048(2) 053(38) 054(14) 058(1) 059(2) 060(1) 063(15) 064(33) 065(26) 066(3) 067(8) 068(5) 069(4) 071(5) 072(1) 074(2) 075(27) 076(2) 077(1) 079(1) 080(1) 083(7) 084(1) 085(4) 088(25) 089(2) 092(1) 094(1) 096(2) 097(2) 098(1) 102(14) 104(3) 105(4) 106(9) 107(18) 108(6) 109(1) 110(4) 111(7) 112(2) 114(2) 115(4) 117(2) 118(1) 119(1) 120(3)
贾探春,探春、贾探春、三姑娘、蕉下客,489,002(1) 003(4) 005(1) 007(4) 018(3) 020(1) 022(3) 023(4) 027(14) 028(3) 029(3) 035(3) 037(22) 038(6) 039(3) 040(9) 042(4) 043(1) 045(4) 046(1) 047(2) 048(10) 049(13) 050(7) 051(1) 052(1) 055(42) 056(29) 057(1) 058(4) 060(14) 061(7) 062(36) 063(11) 064(2) 065(1) 067(1) 070(14) 071(7) 073(22) 074(25) 075(14) 076(2) 077(1) 081(13) 082(13) 083(18) 084(2) 085(2) 086(2) 087(5) 089(2) 090(1) 092(1) 094(11) 095(4) 098(10) 099(2) 100(12) 101(3) 102(8) 104(5) 109(1) 110(1) 115(1) 118(2) 119(9)
紫鹃,紫鹃,438,008(1) 021(3) 024(1) 025(1) 026(5) 027(2) 029(10) 030(5) 035(5) 038(1) 040(1) 045(1) 046(1) 052(1) 057(63) 059(4) 062(1) 064(5) 067(5) 070(8) 074(2) 076(5) 079(1) 081(1) 082(35) 083(26) 085(4) 086(5) 087(15) 089(31) 090(29) 091(5) 094(10) 095(3) 096(18) 097(61) 098(13) 100(3) 104(5) 111(1) 113(24) 115(1) 116(3) 117(2) 118(9) 119(2)
史湘云,湘云、史湘云、云妹妹、枕霞旧友,425,020(7) 021(15) 022(16) 029(2) 031(40) 032(23) 033(1) 035(3) 036(8) 037(25) 038(22) 039(2) 040(8) 041(3) 042(1) 049(27) 050(39) 052(2) 053(1) 054(7) 055(1) 056(5) 057(11) 058(7) 059(2) 060(1) 062(25) 063(12) 070(9) 071(7) 075(1) 076(40) 082(10) 083(8) 085(2) 087(4) 092(1) 094(1) 099(1) 102(1) 108(20) 109(1) 110(2) 119(1)
鸳鸯,鸳鸯、金鸳鸯,425,001(1) 020(1) 024(4) 025(1) 029(2) 030(1) 031(2) 032(1) 036(3) 038(12) 039(2) 040(63) 041(5) 042(8) 043(6) 044(3) 046(48) 047(13) 050(2) 052(5) 053(1) 054(2) 056(1) 057(1) 059(3) 062(4) 066(3) 069(3) 070(2) 071(26) 072(27) 074(5) 075(8) 076(1) 077(1) 078(1) 081(1) 082(2) 083(2) 084(2) 088(12) 094(8) 095(3) 097(7) 100(2) 106(5) 107(4) 108(30) 109(11) 110(24) 111(21) 112(4) 116(14) 120(1)
李纨,李纨、纨、李宫裁、宫裁,394,001(1) 003(1) 004(4) 005(1) 007(3) 016(1) 018(5) 021(1) 022(3) 023(1) 025(6) 027(4) 029(1) 031(1) 033(2) 035(3) 037(20) 038(9) 039(6) 040(14) 041(1) 042(7) 043(6) 044(3) 045(13) 046(3) 048(3) 049(21) 050(26) 051(2) 053(3) 054(2) 055(19) 056(17) 058(1) 060(3) 061(2) 062(7) 063(11) 064(1) 068(3) 069(1) 070(8) 071(6) 073(1) 074(3) 075(15) 076(1) 085(2) 086(3) 088(7) 090(1) 092(1) 094(16) 095(4) 097(28) 098(11) 099(3) 102(1) 105(2) 108(5) 110(11) 112(2) 117(1) 118(10) 119(10)
尤氏,尤氏,343,005(1) 007(14) 008(1) 010(16) 011(30) 013(5) 014(3) 016(2) 018(3) 019(2) 043(26) 044(9) 052(2) 053(16) 054(5) 057(3) 058(6) 059(1) 060(3) 062(8) 063(7) 064(7) 065(3) 066(1) 068(15) 069(8) 070(1) 071(33) 073(2) 074(13) 075(56) 076(7) 091(1) 097(2) 102(3) 106(2) 107(5) 108(5) 110(1) 111(1) 112(3) 115(6) 116(1) 117(1) 118(2) 119(1)
晴雯,晴雯,343,005(1) 008(5) 009(1) 019(1) 020(6) 026(5) 027(3) 028(1) 030(1) 031(20) 034(13) 035(1) 036(1) 037(9) 049(2) 051(30) 052(44) 053(5) 057(4) 058(10) 059(4) 060(3) 061(2) 062(9) 063(22) 064(8) 067(4) 070(5) 073(8) 074(14) 076(1) 077(39) 078(15) 079(5) 082(2) 087(1) 089(2) 092(3) 094(2) 101(5) 102(3) 104(2) 109(13) 116(8)
刘姥姥,刘姥姥、姥姥,314,006(63) 007(3) 019(1) 039(37) 040(64) 041(51) 042(27) 113(40) 119(26) 120(2)
贾蓉,贾蓉、蓉、蓉哥儿,310,002(1) 005(2) 006(10) 007(15) 008(1) 009(3) 010(18) 011(17) 012(5) 013(5) 015(2) 016(8) 018(1) 023(1) 025(1) 028(1) 029(8) 038(1) 040(1) 042(1) 047(7) 053(28) 054(8) 058(1) 059(1) 062(1) 063(20) 064(34) 065(3) 067(4) 068(21) 069(7) 071(1) 075(8) 076(2) 078(17) 083(2) 093(1) 101(1) 102(15) 105(2) 106(1) 107(7) 108(1) 110(3) 111(4) 112(1) 115(1) 116(3) 118(1) 120(2)
薛蟠,薛蟠、蟠儿、呆霸王,301,003(1) 004(19) 009(10) 013(2) 019(1) 025(2) 026(18) 028(29) 029(1) 034(15) 035(9) 047(44) 048(13) 049(2) 057(2) 066(9) 067(18) 075(4) 079(13) 080(34) 083(2) 084(3) 085(2) 086(13) 090(2) 091(5) 095(1) 096(2) 097(4) 099(13) 100(2) 104(1) 108(1) 120(4)
香菱,香菱、英莲、甄英莲、秋菱,293,001(6) 004(8) 007(6) 016(7) 020(1) 024(4) 025(1) 027(2) 028(1) 029(2) 033(1) 035(2) 047(1) 048(40) 049(12) 050(1) 052(1) 057(1) 058(3) 062(38) 063(8) 070(1) 079(18) 080(42) 081(1) 082(3) 083(9) 084(6) 085(1) 091(1) 100(13) 103(45) 108(2) 114(1) 120(4)
邢夫人,邢夫人,288,003(7) 005(1) 011(12) 013(7) 015(1) 016(2) 018(4) 024(10) 025(3) 035(2) 043(5) 044(6) 046(25) 047(12) 049(9) 052(1) 053(8) 054(3) 057(10) 064(1) 069(5) 071(9) 073(15) 074(5) 075(7) 076(6) 077(4) 079(1) 080(3) 081(1) 082(2) 083(3) 084(12) 085(1) 094(3) 095(1) 099(1) 105(9) 106(2) 107(4) 108(4) 109(3) 110(11) 111(4) 112(7) 114(1) 117(1) 118(11) 119(23)
贾赦,贾赦、赦、赦老爷、大老爷,287,002(6) 003(5) 004(2) 011(4) 012(1) 013(1) 014(2) 015(4) 016(8) 017(1) 018(7) 023(1) 024(5) 025(5) 029(1) 036(2) 045(1) 046(18) 047(2) 053(8) 055(1) 061(1) 063(1) 064(5) 067(1) 069(5) 070(1) 071(4) 073(1) 075(11) 076(4) 077(1) 078(1) 079(4) 080(2) 081(1) 083(18) 084(9) 085(12) 092(7) 093(15) 094(3) 095(1) 096(1) 100(1) 102(13) 104(1) 105(19) 106(10) 107(17) 108(1) 109(1) 110(4) 111(2) 112(1) 114(3) 116(2) 118(1) 119(11) 120(6)
贾环,贾环、环、环儿、环哥,248,002(2) 003(1) 005(1) 007(1) 017(3) 018(3) 020(18) 022(5) 023(3) 024(3) 025(13) 027(2) 030(2) 032(1) 033(7) 034(2) 035(1) 036(2) 041(1) 049(1) 052(1) 053(1) 054(1) 055(8) 057(2) 058(2) 060(15) 061(2) 062(4) 066(1) 067(3) 068(1) 070(1) 071(1) 072(6) 073(1) 075(7) 077(3) 078(9) 081(1) 084(12) 085(2) 087(2) 088(6) 094(18) 100(1) 104(1) 105(1) 108(1) 110(2) 111(1) 112(6) 113(3) 115(7) 116(2) 117(12) 118(9) 119(20)
贾芸,贾芸、芸、芸哥儿,238,008(1) 013(1) 017(1) 021(1) 023(3) 024(68) 025(4) 026(26) 027(1) 029(1) 036(1) 037(3) 043(1) 051(1) 053(2) 085(17) 088(35) 104(12) 111(5) 112(15) 115(1) 117(10) 118(13) 119(15)
麝月,麝月,233,005(1) 009(1) 020(10) 021(8) 023(1) 024(1) 027(1) 030(1) 031(6) 034(1) 035(2) 036(1) 037(3) 046(1) 049(1) 051(30) 052(28) 053(1) 054(9) 056(1) 058(6) 059(4) 060(1) 062(3) 063(9) 064(1) 067(2) 070(2) 073(4) 074(4) 077(2) 078(7) 081(5) 082(2) 085(9) 089(11) 092(4) 094(9) 095(3) 101(2) 104(1) 109(14) 113(7) 115(1) 116(8) 118(4)
贾惜春,惜春、贾惜春、四姑娘、藕榭,228,002(1) 003(1) 005(1) 007(7) 018(1) 020(1) 022(2) 023(3) 025(1) 027(2) 028(2) 029(2) 035(2) 037(7) 038(1) 039(1) 040(4) 042(5) 045(1) 046(2) 048(4) 049(1) 050(6) 052(1) 055(1) 057(1) 058(1) 062(3) 065(1) 069(1) 071(1) 073(1) 074(20) 075(3) 076(1) 082(8) 085(1) 086(3) 087(19) 088(8) 092(1) 094(1) 099(1) 102(1) 106(1) 108(3) 109(6) 110(2) 111(19) 112(22) 113(1) 115(19) 116(3) 117(4) 118(7) 119(5)
周瑞,周瑞,212,006(37) 007(51) 024(2) 025(2) 029(1) 034(1) 039(9) 045(4) 051(8) 052(4) 068(4) 071(10) 074(11) 077(16) 083(9) 088(15) 093(2) 097(1) 101(1) 103(10) 104(1) 106(1) 110(1) 111(3) 112(8)
贾雨村,贾雨村、雨村、贾化、时飞,197,001(28) 002(39) 003(15) 004(26) 007(1) 016(1) 017(3) 025(1) 032(1) 033(2) 048(2) 053(1) 072(1) 082(3) 092(5) 095(1) 101(1) 103(13) 104(25) 107(1) 109(1) 117(2) 120(24)
贾兰,贾兰、兰、兰哥儿,171,002(1) 004(1) 005(5) 009(3) 013(1) 014(1) 017(5) 018(5) 021(1) 022(4) 024(3) 026(2) 038(1) 042(1) 045(2) 050(1) 054(1) 055(4) 057(1) 058(1) 061(1) 062(2) 075(5) 076(1) 077(4) 078(12) 080(2) 086(4) 087(3) 088(7) 092(2) 094(4) 097(1) 104(1) 105(2) 107(1) 108(1) 110(7) 112(1) 113(1) 115(9) 116(2) 117(3) 118(18) 119(24) 120(9)
周瑞家的,周瑞家的,169,006(36) 007(50) 024(2) 025(1) 029(1) 039(8) 045(4) 051(8) 068(1) 071(10) 074(10) 077(16) 083(8) 101(1) 103(10) 110(1) 112(2)
贾迎春,迎春、贾迎春、二姑娘,161,002(1) 003(3) 004(1) 005(1) 007(3) 014(1) 016(2) 018(2) 020(2) 022(5) 023(2) 027(2) 028(1) 029(2) 031(2) 033(1) 035(2) 037(13) 038(2) 040(6) 041(1) 042(1) 045(1) 046(1) 049(3) 052(1) 053(2) 055(2) 056(2) 057(1) 058(1) 061(3) 062(3) 065(1) 069(1) 071(3) 073(27) 074(5) 075(1) 076(1) 077(12) 078(2) 079(6) 080(7) 081(2) 082(1) 085(1) 099(1) 108(6) 109(5) 112(1) 115(1) 116(1)
芳官,芳官,161,054(1) 058(32) 059(5) 060(44) 061(16) 062(13) 063(25) 064(10) 077(8) 078(2) 087(1) 093(3) 109(1)
夏金桂,金桂、夏金桂、桂儿,153,017(1) 079(14) 080(44) 083(11) 084(2) 085(2) 090(6) 091(32) 100(19) 103(22)
妙玉,妙玉,153,017(3) 041(27) 049(1) 050(3) 063(4) 076(10) 087(38) 094(1) 095(10) 109(9) 111(12) 112(21) 113(5) 114(2) 115(1) 116(1) 117(4) 118(1)
雪雁,雪雁,151,003(2) 008(3) 021(1) 025(1) 027(1) 029(3) 035(1) 057(10) 064(6) 070(1) 082(14) 083(7) 085(1) 086(1) 087(17) 089(17) 090(22) 091(1) 094(2) 097(37) 098(2) 100(1)
茗烟,茗烟、焙茗,146,009(15) 016(4) 019(17) 023(2) 024(8) 026(5) 028(7) 033(4) 034(3) 039(8) 043(23) 047(2) 051(2) 052(1) 056(1) 063(1) 064(1) 066(4) 080(6) 081(4) 084(3) 085(1) 087(1) 089(6) 093(1) 094(4) 095(3) 101(5) 102(1) 117(1) 119(2)
林之孝,林之孝,143,016(1) 017(3) 027(2) 029(2) 043(4) 044(5) 053(2) 054(1) 056(1) 057(2) 059(1) 061(13) 062(10) 063(9) 064(1) 070(1) 071(17) 072(9) 073(5) 083(1) 085(6) 094(9) 097(8) 098(1) 111(10) 112(18) 116(1)
贾敬,贾敬、敬,136,002(3) 005(2) 007(1) 008(3) 011(5) 013(5) 015(2) 016(3) 018(1) 019(1) 021(1) 023(1) 024(2) 026(1) 028(1) 029(3) 032(1) 034(1) 035(3) 036(3) 037(1) 039(1) 042(1) 043(2) 044(5) 045(2) 046(1) 047(1) 049(2) 050(3) 051(3) 053(9) 054(2) 055(3) 056(2) 058(1) 060(1) 062(1) 063(5) 064(3) 066(2) 067(2) 072(1) 075(5) 077(1) 078(2) 079(1) 085(3) 086(1) 087(1) 088(4) 090(1) 091(1) 094(1) 096(1) 099(1) 100(1) 102(3) 104(3) 108(2) 109(1) 111(2) 114(1) 115(1) 119(1) 120(1)
赵姨娘,赵姨娘、赵氏,133,020(3) 023(1) 025(24) 027(1) 035(1) 036(3) 038(1) 052(1) 055(13) 056(2) 057(1) 058(1) 060(22) 061(1) 062(4) 067(2) 071(3) 072(5) 073(4) 081(3) 083(1) 084(5) 085(3) 094(5) 100(2) 112(10) 113(8) 117(1) 118(1) 119(1)
黄金莺,莺儿、黄金莺、金莺,133,007(1) 008(4) 020(8) 026(1) 027(1) 029(1) 035(42) 038(1) 048(2) 049(1) 055(1) 056(4) 057(2) 059(26) 060(5) 062(2) 067(5) 091(1) 097(2) 098(2) 106(1) 108(2) 109(1) 111(2) 118(12) 119(3)
薛宝琴,宝琴、薛宝琴,125,049(18) 050(22) 051(1) 052(12) 053(4) 054(1) 057(1) 058(4) 060(1) 062(14) 063(3) 070(10) 071(8) 073(2) 075(3) 085(4) 091(1) 092(1) 094(1) 097(1) 099(1) 100(2) 102(1) 103(4) 108(3) 110(1) 119(1)
宝蟾,宝蟾,117,080(24) 083(11) 090(10) 091(24) 100(11) 103(37)
小红,小红、红玉、林红玉,115,024(13) 025(7) 026(31) 027(27) 028(2) 029(1) 051(1) 060(1) 067(1) 079(1) 084(1) 088(15) 089(1) 090(1) 092(2) 101(5) 111(1) 113(3) 117(1)
秦钟,秦钟、鲸卿,113,007(12) 008(10) 009(26) 010(5) 013(1) 014(4) 015(30) 016(20) 017(2) 034(1) 047(1) 081(1)
巧姐,巧姐、巧姐儿,107,027(1) 029(1) 062(1) 084(11) 085(2) 088(6) 092(9) 094(1) 105(1) 106(1) 113(10) 114(8) 115(1) 117(5) 118(12) 119(33) 120(4)
薛蝌,薛蝌,103,049(3) 057(4) 062(6) 066(1) 085(5) 086(7) 090(15) 091(28) 097(4) 100(19) 103(1) 105(6) 106(1) 108(1) 119(1) 120(1)
秋纹,秋纹,100,005(1) 019(2) 020(1) 024(8) 031(1) 034(1) 035(3) 037(10) 052(4) 054(10) 055(6) 063(1) 064(1) 067(2) 074(1) 077(1) 078(4) 082(8) 085(1) 086(1) 089(1) 091(1) 092(2) 094(2) 095(1) 096(5) 097(4) 101(4) 108(3) 113(1) 115(1) 118(4) 119(1) 120(3)
邢岫烟,岫烟、邢岫烟,96,049(9) 050(4) 052(1) 053(2) 057(17) 058(3) 062(9) 063(7) 081(4) 085(2) 090(15) 092(2) 094(6) 095(10) 099(1) 108(1) 109(3)
尤二姐,尤二姐,91,063(3) 064(7) 065(15) 066(11) 068(19) 069(28) 070(1) 072(1) 082(1) 088(1) 107(2) 113(2)
赖大,赖大,90,016(6) 027(1) 033(1) 043(5) 044(1) 045(8) 047(5) 052(4) 054(1) 056(2) 058(2) 059(1) 070(1) 071(4) 077(1) 083(1) 093(26) 094(8) 096(3) 105(1) 106(2) 109(2) 112(1) 114(2) 115(1)
柳五儿,五儿、柳五儿,85,021(1) 060(13) 061(15) 062(1) 063(2) 070(1) 077(1) 087(3) 092(3) 094(1) 101(3) 108(3) 109(35) 116(2) 118(1)
甄士隐,甄士隐、士隐、甄老爷、甄费,84,001(46) 002(1) 004(1) 092(2) 093(1) 103(2) 104(5) 114(4) 119(1) 120(21)
大了,大了,84,006(1) 009(1) 015(1) 016(1) 019(2) 020(1) 025(1) 028(1) 029(1) 030(1) 031(2) 032(3) 034(3) 036(2) 040(1) 042(1) 046(1) 053(1) 054(2) 057(3) 058(1) 065(2) 067(1) 068(1) 072(3) 073(1) 074(1) 077(2) 078(3) 080(1) 082(1) 083(1) 084(1) 085(1) 088(1) 090(1) 093(2) 097(1) 100(1) 101(16) 106(3) 108(1) 110(1) 113(2) 114(1) 115(1) 117(1) 118(1) 120(1)
林之孝家的,林之孝家的、林红玉母,82,017(3) 043(4) 044(3) 053(1) 056(1) 057(2) 061(13) 062(10) 063(9) 064(1) 071(14) 073(5) 094(7) 097(8) 098(1)
秦可卿,秦可卿、秦氏、可卿、兼美,81,005(16) 006(1) 007(10) 008(3) 010(7) 011(18) 013(13) 014(1) 015(1) 092(1) 101(1) 110(1) 111(5) 116(2) 120(1)
司棋,司棋,81,007(1) 027(3) 029(1) 038(1) 061(11) 062(3) 071(8) 072(9) 073(5) 074(6) 077(18) 078(1) 079(1) 082(1) 092(12)
旺儿,旺儿,74,011(1) 015(4) 016(1) 027(1) 039(1) 067(18) 068(14) 069(2) 072(19) 074(2) 092(2) 093(5) 097(1) 106(1) 110(2)
贾瑞,贾瑞,73,009(15) 010(1) 011(10) 012(47)
贾元春,元春、贾元春、元妃、贤德妃,69,002(2) 016(4) 018(9) 020(1) 022(1) 023(2) 028(1) 029(1) 037(1) 053(1) 070(1) 071(1) 083(16) 084(1) 086(6) 093(1) 095(11) 096(1) 099(1) 110(1) 112(1) 116(2) 119(2) 120(1)
贾蔷,贾蔷,69,009(6) 011(1) 012(9) 013(2) 016(9) 017(2) 018(7) 023(1) 036(10) 105(1) 117(17) 118(3) 119(1)
僧,僧,69,001(23) 002(2) 004(1) 006(1) 008(1) 013(4) 014(4) 015(1) 019(1) 022(2) 025(5) 028(1) 033(1) 039(1) 050(1) 062(1) 063(2) 070(1) 076(1) 078(1) 093(1) 110(1) 117(5) 120(7)
他母亲,他母亲,62,004(2) 010(1) 011(2) 019(1) 024(7) 032(1) 033(4) 034(3) 035(1) 047(1) 048(1) 050(1) 051(1) 052(1) 057(3) 061(1) 065(3) 067(2) 071(1) 072(1) 083(1) 084(1) 086(1) 088(3) 092(3) 103(1) 108(3) 109(2) 112(1) 113(1) 115(1) 117(1) 118(1) 119(2) 120(2)
贾府,贾府,61,002(4) 004(3) 015(1) 016(1) 018(2) 019(1) 025(1) 029(3) 043(1) 049(1) 053(2) 063(2) 064(1) 066(1) 067(1) 068(4) 071(1) 075(1) 076(1) 083(4) 085(4) 086(3) 090(1) 091(1) 094(1) 095(2) 097(1) 103(2) 112(1) 113(4) 114(1) 119(4)
兴儿,兴儿,59,053(1) 065(12) 066(4) 067(40) 068(2)
冯紫英,冯紫英,58,010(5) 011(1) 014(1) 026(9) 028(9) 029(1) 092(31) 093(1)
琥珀,琥珀,58,005(1) 020(1) 023(1) 029(1) 038(5) 040(4) 044(2) 046(3) 049(3) 050(1) 053(1) 054(1) 057(2) 059(1) 062(1) 069(2) 070(1) 071(4) 075(2) 081(1) 084(2) 088(3) 106(1) 109(3) 111(7) 112(4)
彩云,彩云,57,005(1) 023(2) 025(1) 029(1) 030(1) 034(2) 038(1) 043(1) 059(1) 060(8) 061(7) 062(10) 070(1) 077(2) 096(1) 098(1) 104(1) 106(1) 108(1) 109(7) 110(1) 112(1) 113(1) 117(1) 119(2)
包勇,包勇,56,093(11) 107(11) 108(1) 111(16) 112(14) 114(2) 117(1)
二叔,二叔,52,005(2) 007(3) 008(1) 011(2) 024(2) 026(1) 037(1) 053(1) 064(1) 088(2) 092(9) 093(1) 101(6) 102(5) 103(1) 107(3) 117(2) 118(3) 119(6)
金钏,金钏,51,007(7) 023(4) 025(1) 029(1) 030(14) 031(3) 032(6) 033(7) 034(2) 035(2) 036(2) 044(1) 046(1)
贾代儒,贾代儒、代儒,50,008(2) 009(2) 012(8) 013(2) 081(11) 082(12) 084(3) 085(2) 089(5) 095(1) 117(2)
鲍二,鲍二,50,044(10) 047(1) 064(2) 065(13) 066(1) 068(2) 088(14) 105(1) 106(3) 111(1) 112(2)
道人,道人,49,001(19) 008(1) 012(2) 025(3) 027(1) 031(1) 040(1) 051(1) 059(1) 062(1) 067(2) 074(1) 081(1) 103(6) 115(1) 120(7)
老嬷嬷,老嬷嬷,49,003(4) 008(1) 017(1) 023(3) 024(3) 029(1) 040(2) 042(2) 044(1) 048(2) 051(10) 052(3) 053(1) 054(1) 063(2) 071(1) 074(1) 075(4) 076(2) 077(2) 079(1) 080(1)
翠缕,翠缕,47,017(1) 021(3) 022(2) 031(21) 046(1) 062(1) 070(2) 076(8) 082(7) 083(1)
柳家的,柳家的、柳嫂子,47,060(20) 061(11) 062(10) 063(2) 074(1) 077(1) 092(1) 101(1)
北静王,北静王,47,014(3) 015(1) 016(1) 024(2) 028(1) 043(3) 045(1) 058(1) 071(5) 085(13) 105(8) 106(2) 107(5) 119(1)
师父,师父,46,007(4) 015(1) 017(3) 018(1) 054(1) 075(1) 077(1) 080(1) 082(2) 084(5) 087(1) 088(6) 109(1) 111(5) 112(3) 115(4) 117(6)
丰儿,丰儿,45,007(1) 014(1) 020(3) 024(1) 025(1) 029(1) 040(2) 041(2) 046(1) 055(3) 067(1) 068(1) 074(1) 090(6) 094(1) 101(7) 107(2) 111(1) 112(1) 113(7) 117(1)
邢王二夫人,邢王二夫人,44,011(1) 054(2) 083(1) 084(7) 085(3) 090(2) 091(1) 092(3) 094(1) 107(1) 108(1) 109(1) 110(3) 111(3) 112(4) 113(1) 115(2) 117(2) 118(5)
玉钏儿,玉钏儿,43,025(1) 030(1) 035(20) 036(4) 040(1) 043(2) 046(1) 057(1) 059(2) 061(6) 062(2) 081(1) 117(1)
李贵,李贵,42,009(15) 011(1) 016(2) 017(1) 043(1) 052(5) 062(1) 080(4) 081(1) 083(1) 084(4) 085(2) 117(2) 119(2)
蒋玉菡,蒋玉菡、琪官,42,028(15) 033(7) 034(3) 086(5) 090(2) 093(7) 120(3)
金钏儿,金钏儿,42,007(7) 023(2) 025(1) 030(13) 031(2) 032(5) 033(6) 034(2) 035(2) 036(1) 044(1)
大姐,大姐,40,007(1) 019(1) 021(3) 026(3) 027(1) 029(3) 041(3) 042(7) 043(1) 051(1) 062(1) 073(5) 074(3) 076(1) 081(1) 096(2) 097(1) 100(1) 101(1)
倪二,倪二,39,024(16) 104(23)
张华,张华,39,064(6) 067(1) 068(14) 069(17) 107(1)
孙子,孙子,39,008(1) 013(1) 016(1) 022(1) 029(1) 039(2) 045(1) 046(3) 047(4) 049(1) 052(1) 054(7) 056(1) 096(2) 099(1) 107(1) 108(2) 109(1) 110(3) 116(1) 119(2) 120(1)
板儿,板儿,38,006(16) 039(4) 040(6) 041(6) 042(1) 119(5)
二哥哥,二哥哥,38,012(1) 020(1) 026(1) 028(1) 031(1) 032(1) 062(1) 066(1) 071(1) 081(3) 082(1) 085(1) 087(1) 094(3) 097(1) 100(3) 103(1) 108(2) 109(3) 114(6) 118(2) 119(2)
贾妃,贾妃,37,018(32) 019(2) 086(1) 102(1) 119(1)
甄宝玉,甄宝玉,36,114(2) 115(30) 118(2) 119(2)
金荣,金荣,36,009(30) 010(5) 081(1)
王仁,王仁,36,014(1) 049(2) 095(1) 101(4) 114(10) 115(1) 117(6) 118(7) 119(4)
坠儿,坠儿,36,026(15) 027(5) 028(1) 035(1) 052(11) 053(1) 058(1) 060(1)
尤三姐,尤三姐,35,063(1) 065(15) 066(9) 067(4) 070(1) 107(2) 116(3)
秋桐,秋桐,35,069(23) 088(5) 106(1) 111(1) 113(1) 114(3) 117(1)
藕官,藕官,34,058(13) 059(12) 060(4) 062(3) 077(2)
警幻,警幻,34,001(3) 005(21) 006(1) 012(1) 019(1) 066(1) 069(1) 111(3) 116(1) 120(1)
李嬷嬷,李嬷嬷,33,003(2) 008(8) 019(6) 020(7) 026(5) 036(1) 057(4)
贾芹,贾芹,33,013(1) 023(3) 024(1) 029(1) 053(7) 093(18) 094(2)
春燕,春燕,33,059(20) 060(13)
李婶,李婶,32,049(3) 050(1) 052(2) 053(6) 054(3) 058(1) 094(1) 099(1) 108(5) 110(1) 118(7) 119(1)
侍书,侍书,30,007(1) 037(1) 055(1) 081(1) 089(5) 090(21)
知县,知县,30,086(20) 091(1) 092(1) 093(1) 099(3) 102(1) 114(1) 117(2)
姑爷,姑爷,28,006(1) 064(2) 072(1) 080(1) 081(2) 082(1) 099(1) 100(1) 103(2) 106(6) 109(3) 115(1) 118(1) 119(2) 120(3)
彩屏,彩屏,27,029(1) 053(1) 087(3) 088(3) 111(4) 112(5) 115(7) 118(3)
尤老,尤老,27,063(3) 064(15) 065(6) 066(2) 067(1)
女尼,女尼,27,087(7) 093(7) 094(6) 111(2) 112(3) 113(1) 117(1)
李十儿,李十儿,27,099(25) 100(2)
李纹,李纹,26,049(4) 050(4) 053(2) 081(9) 085(2) 087(2) 108(3)
智能儿,智能儿、智能,26,007(6) 015(16) 016(4)
李氏,李氏,26,003(1) 004(4) 022(2) 023(1) 027(4) 029(2) 039(2) 040(2) 050(1) 060(1) 062(1) 063(2) 071(1) 075(1) 109(1)
王善保家的,王善保家的,25,074(20) 075(3) 077(2)
王子腾,王子腾,25,003(1) 004(3) 016(1) 025(4) 044(1) 053(1) 054(1) 062(1) 068(1) 070(3) 085(1) 095(1) 096(2) 097(1) 104(1) 106(1) 114(1)
小燕,小燕,25,059(1) 061(6) 062(8) 063(9) 070(1)
伙计,伙计,25,004(2) 024(1) 037(1) 048(2) 057(2) 062(2) 066(1) 067(5) 074(1) 077(1) 079(1) 085(1) 091(1) 100(2) 111(1) 112(1)
翠墨,翠墨,24,029(1) 037(5) 038(1) 043(2) 046(1) 060(2) 062(1) 063(1) 070(3) 082(7)
张道士,张道士,24,029(23) 062(1)
珍珠,珍珠,24,003(1) 004(1) 021(1) 028(3) 029(1) 048(1) 072(1) 094(1) 096(2) 097(1) 098(1) 105(1) 106(1) 108(3) 109(1) 111(3) 112(1)
皇上,皇上,24,002(1) 004(1) 037(1) 053(3) 083(1) 086(1) 096(1) 099(1) 102(1) 104(1) 119(12)
柳湘莲,柳湘莲、冷二郎,23,047(10) 066(7) 067(5) 070(1)
马道婆,马道婆,23,025(22) 112(1)
彩霞,彩霞,23,023(1) 025(7) 038(2) 039(1) 043(1) 046(1) 059(1) 072(9)
王太医,王太医,23,031(1) 042(8) 051(4) 052(1) 053(1) 057(5) 069(1) 083(2)
大哥哥,大哥哥,23,007(2) 012(1) 013(3) 016(1) 028(2) 030(2) 034(2) 067(2) 068(2) 088(3) 090(1) 109(1) 119(1)
龄官,龄官,22,018(6) 030(1) 036(15)
蕊官,蕊官,22,058(3) 059(7) 060(6) 062(4) 077(2)
张三,张三,22,086(10) 099(12)
主上,主上,22,104(7) 105(3) 106(3) 107(4) 110(1) 114(4)
节度,节度,21,004(2) 013(2) 015(2) 066(1) 068(1) 099(8) 100(1) 101(1) 102(3)
李绮,李绮,20,049(4) 050(3) 053(2) 081(4) 085(1) 087(2) 108(2) 118(2)
四儿,四儿,20,021(5) 026(1) 063(8) 064(1) 076(1) 077(4)
佩凤,佩凤,20,063(5) 071(2) 074(1) 075(10) 106(1) 107(1)
小太监,小太监,20,018(3) 022(2) 070(1) 072(5) 083(2) 085(6) 095(1)
奶子,奶子,19,007(2) 008(1) 014(1) 021(1) 029(2) 039(1) 041(1) 042(2) 045(1) 060(1) 062(1) 073(2) 078(2) 084(1)
入画,入画,18,027(1) 029(1) 038(1) 048(1) 062(1) 074(10) 077(2) 078(1)
文官,文官,18,023(1) 027(2) 030(1) 036(1) 040(2) 041(2) 054(6) 058(2) 112(1)
何三,何三,18,088(3) 111(12) 112(3)
云儿,云儿,18,021(1) 022(1) 028(12) 029(1) 050(1) 052(1) 054(1)
绣桔,绣桔,18,029(1) 073(15) 077(2)
赖大家,赖大家,18,027(1) 043(1) 045(8) 047(2) 054(1) 056(2) 071(2) 077(1)
詹光,詹光,18,008(1) 016(1) 026(1) 084(4) 092(11)
珠儿,珠儿,18,005(1) 014(1) 028(1) 030(1) 032(1) 033(2) 035(1) 049(1) 057(1) 085(1) 088(1) 089(1) 090(1) 098(1) 106(1) 107(1) 108(1)
邢大舅,邢大舅,18,064(1) 075(5) 117(7) 118(5)
狗儿,狗儿,17,005(2) 006(9) 060(2) 063(1) 066(1) 068(1) 084(1)
焦大,焦大,16,007(12) 088(1) 105(3)
王一贴,王一贴,16,080(16)
水溶,水溶,16,014(6) 015(10)
芸儿,芸儿,16,023(2) 024(4) 051(1) 085(4) 111(1) 112(2) 117(1) 119(1)
大姐儿,大姐儿,16,007(1) 029(3) 041(3) 042(7) 096(1) 101(1)
金桂的母亲,金桂的母亲,16,103(16)
碧痕,碧痕,15,020(1) 024(5) 025(1) 026(1) 027(2) 031(2) 063(1) 064(2)
青儿,青儿,15,006(1) 113(10) 119(4)
彩明,彩明,15,007(1) 014(7) 024(1) 042(2) 045(2) 088(1) 110(1)
素云,素云,15,029(1) 040(2) 042(1) 046(1) 055(2) 062(1) 075(3) 081(1) 088(1) 097(1) 119(1)
待书,待书,14,027(2) 029(1) 038(1) 055(3) 061(1) 062(1) 073(1) 074(3) 075(1)
察院,察院,14,068(9) 069(3) 105(1) 107(1)
门上的人,门上的人,14,051(1) 072(1) 075(1) 083(1) 093(6) 095(2) 117(1) 119(1)
赵嬷嬷,赵嬷嬷,13,016(13)
鲍二家的,鲍二家的,13,044(5) 047(1) 065(4) 066(1) 068(2)
封肃,封肃,13,001(5) 002(8)
王氏,王氏,13,002(2) 003(1) 004(2) 086(7) 099(1)
鹦哥,鹦哥,13,003(4) 035(4) 041(1) 048(1) 097(1) 100(1) 112(1)
花自芳,花自芳,13,019(8) 051(2) 120(3)
赵堂官,赵堂官,13,105(12) 106(1)
赖尚荣,赖尚荣,12,047(5) 116(1) 118(6)
贾菌,贾菌,12,009(8) 013(1) 053(2) 054(1)
来升,来升,12,010(4) 014(7) 016(1)
萍,萍,12,009(2) 013(1) 023(1) 025(1) 029(1) 047(1) 066(2) 072(1) 108(2)
赖大家的,赖大家的,12,027(1) 043(1) 045(8) 071(2)
旺儿媳妇,旺儿媳妇,12,011(1) 068(1) 072(8) 074(2)
老尼,老尼,12,015(10) 016(1) 093(1)
那个人,那个人,12,047(1) 081(1) 086(3) 094(1) 096(1) 111(2) 112(2) 117(1)
周姨娘,周姨娘,11,025(1) 035(2) 036(2) 038(1) 060(1) 112(3) 113(1)
锄药,锄药,11,009(2) 024(1) 028(1) 052(1) 085(5) 093(1)
来旺,来旺,11,014(5) 015(2) 072(1) 074(1) 092(1) 105(1)
林如海,林如海,11,002(4) 003(3) 012(1) 014(1) 016(1) 092(1)
薛大爷,薛大爷,11,010(2) 028(1) 031(1) 033(1) 049(1) 086(3) 099(2)
赖嬷嬷,赖嬷嬷,11,045(9) 077(2)
恒王,恒王,11,078(11)
茜雪,茜雪,10,007(1) 008(5) 019(2) 020(1) 046(1)
佳蕙,佳蕙,10,026(8) 031(1) 036(1)
王大夫,王大夫,10,028(1) 051(1) 057(1) 083(5) 097(2)
宋妈妈,宋妈妈,10,037(7) 052(2) 078(1)
林四娘,林四娘,10,078(10)
李妈,李妈,10,008(4) 057(3) 092(1) 101(2)
西平王,西平王,10,105(9) 106(1)
张材家的,张材家的,9,014(4) 027(2) 039(2) 045(1)
乌进孝,乌进孝,9,053(9)
甄应嘉,甄应嘉,9,114(9)
傻大姐,傻大姐,9,073(4) 074(2) 096(2) 097(1)
冷子兴,冷子兴,9,002(5) 003(2) 007(1) 104(1)
甄府,甄府,9,002(2) 056(2) 093(2) 107(1) 112(2)
程日兴,程日兴,9,016(1) 026(2) 042(1) 114(5)
贾蓉之妻,贾蓉之妻,9,005(1) 053(3) 054(2) 075(3)
隆儿,隆儿,8,065(7) 066(1)
莲花儿,莲花儿,8,061(8)
贾珠,贾珠,8,002(1) 003(1) 004(1) 023(1) 033(3) 088(1)
墨雨,墨雨,8,009(2) 087(2) 097(4)
昭儿,昭儿,8,014(8)
贾琮,贾琮,8,013(1) 024(1) 053(2) 054(1) 058(1) 060(1) 075(1)
卜世仁,卜世仁,8,024(8)
珍哥,珍哥,8,029(1) 043(1) 045(1) 054(1) 071(1) 076(1) 084(1) 106(1)
张德辉,张德辉,8,048(7) 097(1)
小螺,小螺,8,052(4) 062(4)
环哥儿,环哥儿,8,025(1) 030(1) 061(1) 067(1) 077(1) 084(1) 110(1) 112(1)
喜鸾,喜鸾,8,071(6) 117(2)
张王氏,张王氏,8,086(7) 099(1)
张大,张大,8,014(1) 054(1) 067(1) 084(3) 086(1) 100(1)
周瑞的干儿子,周瑞的干儿子,8,088(2) 111(3) 112(3)
贾敏,贾敏、贾氏,7,002(3) 053(1) 068(1) 095(1) 119(1)
葵官,葵官,7,054(1) 058(1) 060(2) 063(3)
戴权,戴权,7,013(7)
封氏,封氏、甄家娘子,7,001(3) 002(4)
孙绍祖,孙绍祖,7,079(2) 080(4) 106(1)
夏婆,夏婆,7,060(7)
清客相公,清客相公,7,008(1) 009(1) 016(2) 081(2) 114(1)
宝珠,宝珠,7,013(3) 014(1) 015(2) 059(1)
守备,守备,7,015(5) 016(2)
鹦鹉,鹦鹉,7,003(1) 023(1) 029(1) 078(1) 089(2) 112(1)
长史官,长史官,7,033(7)
傅试,傅试,7,035(6) 094(1)
奶母,奶母,7,001(1) 008(1) 009(1) 019(1) 040(1) 054(1) 057(1)
夏婆子,夏婆子,7,060(7)
四姐儿,四姐儿,7,071(5) 117(2)
银蝶,银蝶,7,075(7)
继母,继母,7,063(2) 066(1) 082(4)
吴良,吴良,7,086(5) 099(2)
旺儿家的,旺儿家的,7,072(4) 092(1) 110(2)
甄夫人,甄夫人,7,057(3) 115(4)
宝官,宝官,6,030(2) 036(4)
冯渊,冯渊,6,004(6)
胡君荣,胡君荣,6,069(6)
宁国公,宁国公,6,002(1) 013(1) 014(2) 053(2)
荣国公,荣国公,6,002(1) 003(1) 016(1) 053(2) 107(1)
香怜,香怜,6,009(6)
贾菖,贾菖,6,013(1) 023(1) 053(3) 063(1)
贾菱,贾菱,6,013(1) 023(1) 053(3) 063(1)
十二个女孩子,十二个女孩子,6,017(1) 023(1) 027(1) 036(1) 058(2)
碧月,碧月,6,029(1) 040(1) 070(3) 097(1)
环兄弟,环兄弟,6,020(2) 036(2) 115(1) 119(1)
金彩,金彩,6,041(1) 046(3) 051(1) 052(1)
金文翔,金文翔,6,046(6)
赖升,赖升,6,053(1) 054(1) 063(1) 093(2) 096(1)
天子,天子,6,006(1) 053(1) 063(2) 078(2)
姑太太,姑太太,6,006(4) 065(1) 098(1)
夏三,夏三,6,091(6)
女尼女道,女尼女道,6,093(4) 094(2)
荳官,荳官,5,062(5)
多浑虫,多浑虫,5,021(3) 077(2)
娇杏,娇杏、甄家丫鬟,5,001(1) 002(4)
净虚,净虚,5,015(5)
石呆子,石呆子,5,048(3) 107(2)
璜大奶奶,黄大奶奶、璜大奶奶,5,009(2) 010(3)
金氏,金氏,5,010(5)
檀云,檀云,5,023(1) 024(1) 034(1) 052(1) 078(1)
豆官,豆官,5,058(1) 060(3) 062(1)
王住儿媳妇,王住儿媳妇,5,073(3) 074(2)
邢德全,邢德全,5,075(5)
灯姑娘,灯姑娘,5,077(5)
老东西,老东西,5,055(1) 072(1) 081(3)
北静郡王,北静郡王,5,011(1) 014(1) 085(3)
吴大人,吴大人,5,085(5)
琴妹妹,琴妹妹,5,050(2) 052(1) 090(2)
司棋的母亲,司棋的母亲,5,092(5)
吴贵,吴贵,5,016(1) 092(1) 102(3)
从人,从人,5,004(1) 018(1) 103(3)
艾官,艾官,4,058(1) 060(3)
扫红,扫红,4,009(2) 052(1) 093(1)
夏守忠,夏守忠,4,016(2) 023(2)
霍启,霍启,4,001(4)
跛足道人,跛足道人,4,001(1) 012(2) 025(1)
刘氏,刘氏,4,006(4)
周大爷,周大爷,4,006(4)
秦业,秦业,4,009(1) 013(1) 015(1) 016(1)
贾璜,贾璜,4,010(2) 029(1) 054(1)
尤氏的母亲,尤氏的母亲,4,011(4)
来升媳妇,来升媳妇,4,014(4)
金哥,金哥,4,015(3) 016(1)
周瑞媳妇,周瑞媳妇,4,025(1) 034(1) 068(1) 074(1)
紫绡,紫绡,4,027(1) 028(2) 064(1)
傅秋芳,傅秋芳,4,035(4)
袭人之母,袭人之母,4,019(2) 051(2)
叶妈,叶妈,4,056(4)
梅翰林,梅翰林,4,049(1) 050(1) 057(1) 078(1)
贾王肩,贾王肩,4,063(4)
偕鸳,偕鸳,4,063(4)
柳家媳妇,柳家媳妇,4,060(1) 073(1) 074(1) 102(1)
孙姑爷,孙姑爷,4,081(2) 106(1) 109(1)
琏二哥哥,琏二哥哥,4,062(1) 066(1) 082(1) 103(1)
王尔调,王尔调,4,084(4)
李二,李二,4,003(1) 086(3)
夏家的儿子,夏家的儿子,4,103(4)
贾代善,贾代善、代善,3,002(3)
玉官,玉官,3,030(2) 036(1)
善姐,善姐,3,068(3)
臻儿,臻儿,3,029(1) 048(1) 062(1)
贾萍,贾萍,3,013(1) 025(1) 029(1)
癞头和尚,癞头和尚,3,003(1) 008(1) 025(1)
秦显家的,秦显家的,3,062(3)
王嬷嬷,王嬷嬷,3,003(3)
王兴媳妇,王兴媳妇,3,014(3)
来旺儿,来旺儿,3,015(2) 092(1)
众丫头们,众丫头们,3,019(1) 040(1) 090(1)
穿红的,穿红的,3,019(2) 102(1)
五祖,五祖,3,022(3)
同喜,同喜,3,029(1) 067(1) 068(1)
同贵,同贵,3,029(1) 091(2)
靛儿,靛儿,3,030(3)
嫣红,嫣红,3,023(1) 047(1) 074(1)
娄氏,娄氏,3,053(1) 054(2)
菅官,菅官,3,058(3)
钱槐,钱槐,3,060(3)
小蝉,小蝉,3,060(1) 061(2)
篆儿,篆儿,3,052(1) 057(1) 062(1)
王子腾的夫人,王子腾的夫人,3,025(1) 070(2)
费婆子,费婆子,3,071(3)
小鹊,小鹊,3,073(3)
智通,智通,3,002(1) 077(2)
小舍儿,小舍儿,3,080(3)
潘三保,潘三保,3,081(3)
张大老爷,张大老爷,3,084(3)
李祥,李祥,3,086(2) 091(1)
贾范,贾范,3,101(1) 104(2)
裘世安,裘世安,3,101(3)
代化,代化,3,002(1) 013(1) 104(1)
春纤,春纤,2,029(1) 034(1)
伴鹤,伴鹤,2,024(1) 052(1)
多姑娘,多姑娘,2,021(2)
贾珩,贾珩,2,013(1) 063(1)
色空,色空,2,014(2)
沁香,沁香,2,093(2)
潘又安,潘又安,2,074(2)
云光,云光,2,015(1) 016(1)
刘铁嘴,刘铁嘴,2,094(2)
贾代化,贾代化,2,002(1) 013(1)
王氏之内侄女,王氏之内侄女,2,002(1) 003(1)
张如圭,张如圭,2,003(2)
李守中,李守中,2,004(2)
王成,王成,2,006(2)
秦邦业,秦邦业,2,008(2)
宝玉的奶母,宝玉的奶母,2,008(1) 009(1)
玉爱,玉爱,2,009(2)
缮国公诰命,缮国公诰命,2,014(2)
襄阳侯,襄阳侯,2,013(1) 014(1)
神武将军,神武将军,2,014(1) 026(1)
智善,智善,2,015(2)
李衙内,李衙内,2,015(2)
多姑娘儿,多姑娘儿,2,021(2)
惠能,惠能,2,022(2)
周氏,周氏,2,023(2)
五嫂子,五嫂子,2,023(1) 024(1)
王子腾夫人,王子腾夫人,2,025(2)
夏太监,夏太监,2,016(1) 028(1)
文杏,文杏,2,029(1) 048(1)
平丫头,平丫头,2,038(1) 040(1)
赖大的母亲,赖大的母亲,2,043(2)
赵国基,赵国基,2,055(2)
吴新登的媳妇,吴新登的媳妇,2,055(2)
莺儿的娘,莺儿的娘,2,056(2)
林之孝之妻,林之孝之妻,2,053(1) 059(1)
蝉姐儿,蝉姐儿,2,060(2)
秦显的女人,秦显的女人,2,061(2)
祰官,祰官,2,063(2)
疯道人,疯道人,2,001(1) 067(1)
姑表兄弟,姑表兄弟,2,072(1) 074(1)
彩霞之母,彩霞之母,2,072(2)
柳家媳妇之妹,柳家媳妇之妹,2,073(1) 074(1)
迎春之乳母,迎春之乳母,2,073(1) 074(1)
炒豆儿,炒豆儿,2,075(2)
圆心,圆心,2,077(2)
王奶奶,王奶奶,2,024(1) 097(1)
小张,小张,2,104(2)
镇海统制,镇海统制,2,114(1) 118(1)
三姑爷,三姑爷,2,119(2)
花自芳的女人,花自芳的女人,2,120(2)
贾敷,贾敷,1,002(1)
茄官,茄官,1,058(1)
抱琴,抱琴,1,018(1)
赖二,赖二,1,007(1)
卫若兰,卫若兰,1,014(1)
何婆,何婆,1,059(1)
史侯家的小姐,史侯家的小姐,1,002(1)
宁荣二公之灵,宁荣二公之灵,1,005(1)
众仙姬,众仙姬,1,005(1)
贾二老爷,贾二老爷,1,006(1)
凤姐之父,凤姐之父,1,006(1)
王夫人之父,王夫人之父,1,006(1)
贾琏的女儿,贾琏的女儿,1,006(1)
余信家的,余信家的,1,007(1)
贾菌之母,贾菌之母,1,053(1)
胡氏,胡氏,1,010(1)
瑞珠,瑞珠,1,013(1)
牛清,牛清,1,014(1)
牛继宗,牛继宗,1,014(1)
柳彪,柳彪,1,014(1)
柳芳,柳芳,1,014(1)
陈瑞文,陈瑞文,1,014(1)
陈翼,陈翼,1,014(1)
马尚,马尚,1,014(1)
马魁,马魁,1,014(1)
侯孝康,侯孝康,1,014(1)
侯晓明,侯晓明,1,014(1)
石光珠,石光珠,1,014(1)
平原侯,平原侯,1,014(1)
蒋子宁,蒋子宁,1,014(1)
定城侯,定城侯,1,014(1)
谢鲸,谢鲸,1,014(1)
戚建辉,戚建辉,1,014(1)
景田侯,景田侯,1,014(1)
裘良,裘良,1,014(1)
锦乡伯,锦乡伯,1,014(1)
韩奇,韩奇,1,014(1)
守备的公子,守备的公子,1,015(1)
长安府府太爷,长安府府太爷,1,015(1)
薛老大,薛老大,1,016(1)
袭人的母亲,袭人的母亲,1,019(1)
神秀,神秀,1,022(1)
方椿,方椿,1,024(1)
冯唐,冯唐,1,026(1)
仇都尉的儿子,仇都尉的儿子,1,026(1)
双瑞,双瑞,1,028(1)
双寿,双寿,1,028(1)
鲍太医,鲍太医,1,028(1)
荣国府国公,荣国府国公,1,029(1)
贾蓉的妻子,贾蓉的妻子,1,029(1)
白老媳妇,白老媳妇,1,030(1)
周奶妈,周奶妈,1,031(1)
忠顺王爷,忠顺王爷,1,033(1)
王君效,王君效,1,042(1)
彩哥儿,彩哥儿,1,045(1)
金文翔媳妇,金文翔媳妇,1,046(1)
赖大的媳妇,赖大的媳妇,1,047(1)
紫娟,紫娟,1,048(1)
梅翰林之子,梅翰林之子,1,049(1)
梅翰林的儿子,梅翰林的儿子,1,050(1)
邢大姑娘,邢大姑娘,1,051(1)
李婶之弟,李婶之弟,1,053(1)
北府水王爷,北府水王爷,1,053(1)
鸳鸯的娘,鸳鸯的娘,1,054(1)
干婆子,干婆子,1,058(1)
春燕的娘,春燕的娘,1,059(1)
小鸠儿,小鸠儿,1,059(1)
彩儿,彩儿,1,062(1)
彩儿的娘,彩儿的娘,1,062(1)
尤老安人,尤老安人,1,063(1)
瑞叔,瑞叔,1,063(1)
二姨奶奶,二姨奶奶,1,067(1)
王子腾之女,王子腾之女,1,070(1)
保宁侯之子,保宁侯之子,1,070(1)
保宁侯,保宁侯,1,070(1)
娇红,娇红,1,070(1)
贾王扁之母,贾王扁之母,1,071(1)
贾琼之母,贾琼之母,1,071(1)
旺儿的小子,旺儿的小子,1,072(1)
小霞,小霞,1,072(1)
夏太府,夏太府,1,072(1)
周太监,周太监,1,072(1)
傻大姐的娘,傻大姐的娘,1,074(1)
林妹妹的母亲,林妹妹的母亲,1,074(1)
刘妈妈,刘妈妈,1,092(1)
甄家的丫头,甄家的丫头,1,092(1)
管租的人,管租的人,1,093(1)
沙弥道士,沙弥道士,1,093(1)
鹤仙,鹤仙,1,093(1)
毕大夫,毕大夫,1,098(1)
周琼,周琼,1,099(1)
镇海总制,镇海总制,1,100(1)
柳家的女人,柳家的女人,1,101(1)
鲍音,鲍音,1,101(1)
李御史,李御史,1,105(1)
尤二姐之母,尤二姐之母,1,107(1)
贾蓉的媳妇,贾蓉的媳妇,1,110(1)
鸳鸯的嫂子,鸳鸯的嫂子,1,111(1)
上夜众女人,上夜众女人,1,112(1)
周妈妈,周妈妈,1,119(1)
绣橘,绣橘,0,
甄友忠,甄友忠,0,
张友士,张友士,0,
贾珍的妻子,贾珍的妻子,0,
春燕的姑妈,春燕的姑妈,0,
春燕的姨妈,春燕的姨妈,0,
迎春的娘,迎春的娘,0,
入画的哥哥,入画的哥哥,0,
入画的老子娘,入画的老子娘,0,
入画的叔叔,入画的叔叔,0,
入画的婶子,入画的婶子,0,
司棋的表兄,司棋的表兄,0,
时福,时福,0,
贾雨村夫人,贾雨村夫人,0,
倪二女人,倪二女人,0,
倪二女儿,倪二女儿,0,
贾芸母亲,贾芸母亲,0,
